"","ID","Description","GeneRatio","BgRatio","pvalue","p.adjust","qvalue","geneID","Count"
"R-HSA-2426168","R-HSA-2426168","Activation of gene expression by SREBF (SREBP)","4/34","42/10856",8.25057885867408e-06,0.00221115513412465,0.00179775770920583,"31/6319/3422/6713",4
"R-HSA-1655829","R-HSA-1655829","Regulation of cholesterol biosynthesis by SREBP (SREBF)","4/34","55/10856",2.44270912064582e-05,0.0032732302216654,0.00266126730512466,"31/6319/3422/6713",4
"R-HSA-156580","R-HSA-156580","Phase II - Conjugation of compounds","4/34","109/10856",0.000353611965713668,0.0236920017028157,0.0192625465533498,"4259/4257/9060/79017",4
"R-HSA-8957322","R-HSA-8957322","Metabolism of steroids","4/34","151/10856",0.00120564727866326,0.0461590672402504,0.0375291709298186,"31/6319/3422/6713",4
"R-HSA-156590","R-HSA-156590","Glutathione conjugation","3/34","36/10856",0.000186745890227187,0.0166826328602954,0.0135636488691325,"4259/4257/79017",3
"R-HSA-9634285","R-HSA-9634285","Constitutive Signaling by Overexpressed ERBB2","2/34","11/10856",0.000514483452964292,0.0275763130788861,0.0224206473186544,"2064/3320",2
"R-HSA-9665348","R-HSA-9665348","Signaling by ERBB2 ECD mutants","2/34","16/10856",0.00111154270411371,0.0461590672402504,0.0375291709298186,"2064/3320",2
